{"cameraMode":{"drawMode":0,"name":"Shaded","section":"Shading Mode"},"sceneLighting":false,"audioPlay":false,"sceneViewState":{"showFog":true,"showMaterialUpdate":false,"showSkybox":false,"showFlares":true,"showImageEffects":true,"showParticleSystems":true},"in2DMode":false,"pivot":{"x":-4.336470738053322e-9,"y":0.000001525879156361043,"z":-1.5133991837501526e-9},"rotation":{"x":0.7205817103385925,"y":-0.001907397760078311,"z":0.0018993229605257512,"w":0.6934286952018738},"size":0.004226085729897022,"orthographic":false}