{"cameraMode":{"drawMode":0,"name":"Shaded","section":"Shading Mode"},"sceneLighting":false,"audioPlay":false,"sceneViewState":{"showFog":true,"showMaterialUpdate":false,"showSkybox":false,"showFlares":true,"showImageEffects":true,"showParticleSystems":true},"in2DMode":false,"pivot":{"x":10.09999942779541,"y":0.0017755653243511916,"z":0.5000004768371582},"rotation":{"x":-0.7015314102172852,"y":-0.010963203385472298,"z":0.00612090015783906,"w":-0.7129250168800354},"size":18.34099578857422,"orthographic":false}