{"cameraMode":{"drawMode":0,"name":"Shaded","section":"Shading Mode"},"sceneLighting":false,"audioPlay":false,"sceneViewState":{"showFog":true,"showMaterialUpdate":false,"showSkybox":false,"showFlares":true,"showImageEffects":true,"showParticleSystems":true},"in2DMode":false,"pivot":{"x":-2.764863893389702e-9,"y":0.0,"z":-1.5133991837501526e-9},"rotation":{"x":-0.7136405110359192,"y":-0.0027100048027932646,"z":-0.0025148375425487758,"w":-0.7009018063545227},"size":0.004226075951009989,"orthographic":false}