{"cameraMode":{"drawMode":0,"name":"Shaded","section":"Shading Mode"},"sceneLighting":false,"audioPlay":false,"sceneViewState":{"showFog":true,"showMaterialUpdate":false,"showSkybox":false,"showFlares":true,"showImageEffects":true,"showParticleSystems":true},"in2DMode":false,"pivot":{"x":-2.9685907065868379e-9,"y":-8.226038517022971e-7,"z":1.1059455573558808e-9},"rotation":{"x":0.0028934269212186338,"y":0.6772035360336304,"z":-0.7361785769462586,"w":-0.002409272361546755},"size":0.004226068966090679,"orthographic":true}