{"cameraMode":{"drawMode":0,"name":"Shaded","section":"Shading Mode"},"sceneLighting":false,"audioPlay":false,"sceneViewState":{"showFog":true,"showMaterialUpdate":false,"showSkybox":false,"showFlares":true,"showImageEffects":true,"showParticleSystems":true},"in2DMode":false,"pivot":{"x":-3.610001802444458,"y":1.006218433380127,"z":1.2509750127792359},"rotation":{"x":0.9863271713256836,"y":0.002077510580420494,"z":-0.013035408221185208,"w":0.164539635181427},"size":1.7152485847473145,"orthographic":false}