{"cameraMode":{"drawMode":0,"name":"Shaded","section":"Shading Mode"},"sceneLighting":false,"audioPlay":false,"sceneViewState":{"showFog":true,"showMaterialUpdate":false,"showSkybox":false,"showFlares":true,"showImageEffects":true,"showParticleSystems":true},"in2DMode":false,"pivot":{"x":-9.90000057220459,"y":0.004870404023677111,"z":5.0},"rotation":{"x":-0.7136405110359192,"y":-0.0027100048027932646,"z":-0.0025148375425487758,"w":-0.7009018063545227},"size":4.226093292236328,"orthographic":false}