{"cameraMode":{"drawMode":0,"name":"Shaded","section":"Shading Mode"},"sceneLighting":false,"audioPlay":false,"sceneViewState":{"showFog":true,"showMaterialUpdate":false,"showSkybox":false,"showFlares":true,"showImageEffects":true,"showParticleSystems":true},"in2DMode":false,"pivot":{"x":-4.249159246683121e-9,"y":0.0,"z":6.402842700481415e-10},"rotation":{"x":0.6881890296936035,"y":0.01955486834049225,"z":-0.018625525757670404,"w":0.7250850200653076},"size":0.004226078744977713,"orthographic":false}