{"cameraMode":{"drawMode":0,"name":"Shaded","section":"Shading Mode"},"sceneLighting":false,"audioPlay":false,"sceneViewState":{"showFog":true,"showMaterialUpdate":false,"showSkybox":false,"showFlares":true,"showImageEffects":true,"showParticleSystems":true},"in2DMode":false,"pivot":{"x":-5.762558430433273e-9,"y":0.000001525879156361043,"z":-1.3387762010097504e-9},"rotation":{"x":-0.08300239592790604,"y":0.01346522942185402,"z":0.0010742625454440714,"w":0.9964995384216309},"size":0.004226086661219597,"orthographic":false}