{"cameraMode":{"drawMode":0,"name":"Shaded","section":"Shading Mode"},"sceneLighting":false,"audioPlay":false,"sceneViewState":{"showFog":true,"showMaterialUpdate":false,"showSkybox":false,"showFlares":true,"showImageEffects":true,"showParticleSystems":true},"in2DMode":false,"pivot":{"x":-4.2782630771398548e-9,"y":0.000009000301361083984,"z":1.8044374883174897e-9},"rotation":{"x":0.00512210838496685,"y":0.7138542532920837,"z":-0.7006862163543701,"w":-0.00012438889825716615},"size":0.0025146331172436477,"orthographic":true}