{"cameraMode":{"drawMode":0,"name":"Shaded","section":"Shading Mode"},"sceneLighting":false,"audioPlay":false,"sceneViewState":{"showFog":true,"showMaterialUpdate":false,"showSkybox":false,"showFlares":true,"showImageEffects":true,"showParticleSystems":true},"in2DMode":false,"pivot":{"x":-8.96397978067398e-9,"y":8.226038517022971e-7,"z":-4.0745362639427187e-10},"rotation":{"x":-0.7174025774002075,"y":0.012329718098044396,"z":-0.012676742859184742,"w":-0.6966323852539063},"size":0.004226081073284149,"orthographic":false}