{"cameraMode":{"drawMode":0,"name":"Shaded","section":"Shading Mode"},"sceneLighting":false,"audioPlay":false,"sceneViewState":{"showFog":true,"showMaterialUpdate":false,"showSkybox":true,"showFlares":true,"showImageEffects":true,"showParticleSystems":true},"in2DMode":false,"pivot":{"x":-4.816853046417236,"y":-139.58116149902345,"z":9.789993286132813},"rotation":{"x":0.21775159239768983,"y":0.6546151041984558,"z":-0.20488490164279939,"w":0.6945360898971558},"size":3.9862780570983888,"orthographic":false}