{"cameraMode":{"drawMode":0,"name":"Shaded","section":"Shading Mode"},"sceneLighting":false,"audioPlay":false,"sceneViewState":{"showFog":true,"showMaterialUpdate":false,"showSkybox":false,"showFlares":true,"showImageEffects":true,"showParticleSystems":true},"in2DMode":false,"pivot":{"x":-4.802132025361061e-9,"y":0.0000010585812333374634,"z":-7.566995918750763e-10},"rotation":{"x":0.19737865030765534,"y":-0.7289958000183106,"z":0.6120306253433228,"w":0.2351534366607666},"size":0.3042261004447937,"orthographic":false}