{"cameraMode":{"drawMode":0,"name":"Shaded","section":"Shading Mode"},"sceneLighting":false,"audioPlay":false,"sceneViewState":{"showFog":true,"showMaterialUpdate":false,"showSkybox":false,"showFlares":true,"showImageEffects":true,"showParticleSystems":true},"in2DMode":false,"pivot":{"x":-5.762558430433273e-9,"y":7.629395781805215e-7,"z":-1.280568540096283e-9},"rotation":{"x":-0.7015314102172852,"y":-0.010963203385472298,"z":0.00612090015783906,"w":-0.7129250168800354},"size":0.00422608433291316,"orthographic":false}