{"cameraMode":{"drawMode":0,"name":"Shaded","section":"Shading Mode"},"sceneLighting":false,"audioPlay":false,"sceneViewState":{"showFog":true,"showMaterialUpdate":false,"showSkybox":false,"showFlares":true,"showImageEffects":true,"showParticleSystems":true},"in2DMode":false,"pivot":{"x":-3.610001802444458,"y":1.006218433380127,"z":1.2509750127792359},"rotation":{"x":0.9883970022201538,"y":-0.0033745747059583666,"z":0.021932855248451234,"w":0.15059177577495576},"size":2.0152485370635988,"orthographic":false}