{"cameraMode":{"drawMode":0,"name":"Shaded","section":"Shading Mode"},"sceneLighting":false,"audioPlay":false,"sceneViewState":{"showFog":true,"showMaterialUpdate":false,"showSkybox":false,"showFlares":true,"showImageEffects":true,"showParticleSystems":true},"in2DMode":false,"pivot":{"x":-2.0081643015146257e-9,"y":-7.629395781805215e-7,"z":3.4924596548080446e-10},"rotation":{"x":-0.08300239592790604,"y":0.01346522942185402,"z":0.0010742625454440714,"w":0.9964995384216309},"size":0.0042260801419615749,"orthographic":false}