{"cameraMode":{"drawMode":0,"name":"Shaded","section":"Shading Mode"},"sceneLighting":false,"audioPlay":false,"sceneViewState":{"showFog":true,"showMaterialUpdate":false,"showSkybox":false,"showFlares":true,"showImageEffects":true,"showParticleSystems":true},"in2DMode":false,"pivot":{"x":-7.450580596923828e-9,"y":7.629395781805215e-7,"z":3.4924596548080446e-9},"rotation":{"x":-0.7015314102172852,"y":-0.010963203385472298,"z":0.00612090015783906,"w":-0.7129250168800354},"size":0.004226076416671276,"orthographic":false}